Workbook

Sheet Region
A1: id | B1: nom_region
A2: 1 | B2: Bankui
A3: 2 | B3: Djôrô
A4: 3 | B4: Goulmou
A5: 4 | B5: Guiriko
A6: 5 | B6: Kadiogo
A7: 6 | B7: Koulsé
A8: 7 | B8: Liptako
A9: 8 | B9: Nakambé
A10: 9 | B10: Nando
A11: 10 | B11: Nazinon
A12: 11 | B12: Oubri
A13: 12 | B13: Sirba
... A18: 17 | B18: Yaadga

Sheet Province
A1: id | B1: nom_province | C1: region_id | D1: nom_region
A2: 1 | B2: Mouhoun | C2: =regions!A$2 | D2: Bankui
A3: 2 | B3: Balé | C3: =regions!A$2 | D3: Bankui
A4: 3 | B4: Bamwa | C4: =regions!A$2 | D4: Bankui
A5: 4 | B5: Bougouriba | C5: =regions!A$3 | D5: Djôrô
A6: 5 | B6: Ioba | C6: =regions!A$3 | D6: Djôrô
A7: 6 | B7: Noumbiel | C7: =regions!A$3 | D7: Djôrô
A8: 7 | B8: Poni | C8: =regions!A$3 | D8: Djôrô
A9: 8 | B9: Gourma | C9: =regions!A$4 | D9: Goulmou
A10: 9 | B10: Kompienga | C10: =regions!A$4 | D10: Goulmou
A11: 10 | B11: Houet | C11: =regions!A$5 | D11: Guiriko
A12: 11 | B12: Kénédougou | C12: =regions!A$5 | D12: Guiriko
A13: 12 | B13: Tuy | C13: =regions!A$5 | D13: Guiriko
A14: 13 | B14: Kadiogo | C14: =regions!A$6 | D14: Kadiogo
A15: 14 | B15: Bam | C15: =regions!A$7 | D15: Koulsé
A16: 15 | B16: Namentenga | C16: =regions!A$7 | D16: Koulsé
A17: 16 | B17: Sandbondtenga | C17: =regions!A$7 | D17: Koulsé
A18: 17 | B18: Oudalan | C18: =regions!A$8 | D18: Liptako
A19: 18 | B19: Séno | C19: =regions!A$8 | D19: Liptako
A20: 19 | B20: Yagha | C20: =regions!A$8 | D20: Liptako
A21: 20 | B21: Boulgou | C21: =regions!A$9 | D21: Nakambé
A22: 21 | B22: Koulpelogo | C22: =regions!A$9 | D22: Nakambé
A23: 22 | B23: Kourittenga | C23: =regions!A$9 | D23: Nakambé
A24: 23 | B24: Boulkiemdé | C24: =regions!A$10 | D24: Nando
A25: 24 | B25: Sanguié | C25: =regions!A$10 | D25: Nando
A26: 25 | B26: Sissili | C26: =regions!A$10 | D26: Nando
A27: 26 | B27: Ziro | C27: =regions!A$10 | D27: Nando
A28: 27 | B28: Bazèga | C28: =regions!A$11 | D28: Nazinon
A29: 28 | B29: Nahouri | C29: =regions!A$11 | D29: Nazinon
A30: 29 | B30: Zoundwéogo | C30: =regions!A$11 | D30: Nazinon
A31: 30 | B31: Bassitenga | C31: =regions!A$12 | D31: Oubri
A32: 31 | B32: Ganzourgou | C32: =regions!A$12 | D32: Oubri
A33: 32 | B33: Kourwéogo | C33: =regions!A$12 | D33: Oubri
A34: 33 | B34: Gnagna | C34: =regions!A$13 | D34: Sirba
A35: 34 | B35: Komondjari | C35: =regions!A$13 | D35: Sirba
A36: 35 | B36: Djelgodji | C36: =regions!A$14 | D36: Soum
A37: 36 | B37: Karo-Peli | C37: =regions!A$14 | D37: Soum
A38: 37 | B38: Koosin | C38: =regions!A$15 | D38: Sourou
A39: 38 | B39: Nayala | C39: =regions!A$15 | D39: Sourou
A40: 39 | B40: Sourou | C40: =regions!A$15 | D40: Sourou
A41: 40 | B41: Comoé | C41: =regions!A$16 | D41: Tannounyan
A42: 41 | B42: Léraba | C42: =regions!A$16 | D42: Tannounyan
A43: 42 | B43: Dyamongou | C43: =regions!A$17 | D43: Tapoa
A44: 43 | B44: Gobnangou | C44: =regions!A$17 | D44: Tapoa
A45: 44 | B45: Loroum | C45: =regions!A$18 | D45: Yaadga
A46: 45 | B46: Passoré | C46: =regions!A$18 | D46: Yaadga
A47: 46 | B47: Yatenga | C47: =regions!A$18 | D47: Yaadga
A48: 47 | B48: Zondoma | C48: =regions!A$18 | D48: Yaadga

Sheet Commune
A1: id | B1: nom_commune | C1: province_id | D1: nom_province | E1: type_commune
A2: 1 | B2: Bondokuy | C2: 1 | D2: Mouhoun
A3: 2 | B3: Dédougou | C3: 1 | D3: Mouhoun | E3: Urbaine
A4: 3 | B4: Douroula | C4: 1 | D4: Mouhoun
A5: 4 | B5: Kona | C5: 1 | D5: Mouhoun
A6: 5 | B6: Ouarkoye | C6: 1 | D6: Mouhoun
A7: 6 | B7: Safané | C7: 1 | D7: Mouhoun
A8: 7 | B8: Tchériba | C8: 1 | D8: Mouhoun | E8: Urbaine
A9: 8 | B9: Bagassi | C9: 2 | D9: Balé
A10: 9 | B10: Bana | C10: 2 | D10: Balé
A11: 10 | B11: Boromo | C11: 2 | D11: Balé | E11: Urbaine
A12: 11 | B12: Fara | C12: 2 | D12: Balé
A13: 12 | B13: Pa | C13: 2 | D13: Balé
A14: 13 | B14: Pompoï | C14: 2 | D14: Balé
A15: 14 | B15: Poura | C15: 2 | D15: Balé
A16: 15 | B16: Oury | C16: 2 | D16: Balé
A17: 16 | B17: Siby | C17: 2 | D17: Balé
A18: 17 | B18: Yaho | C18: 2 | D18: Balé
A19: 18 | B19: Balavé | C19: 3 | D19: Bamwa
A20: 19 | B20: Kouka | C20: 3 | D20: Bamwa
A21: 20 | B21: Sami | C21: 3 | D21: Bamwa
A22: 21 | B22: Sanaba | C22: 3 | D22: Bamwa
A23: 22 | B23: Solenzo | C23: 3 | D23: Bamwa | E23: Urbaine
A24: 23 | B24: Tansila | C24: 3 | D24: Bamwa
A25: 24 | B25: Gbondjigui | C25: 4 | D25: Bougouriba
A26: 25 | B26: Diébougou | C26: 4 | D26: Bougouriba
A27: 26 | B27: Dolo | C27: 4 | D27: Bougouriba
A28: 27 | B28: Nioronioro | C28: 4 | D28: Bougouriba
A29: 28 | B29: Tiankoura | C29: 4 | D29: Bougouriba
A30: 29 | B30: Dano | C30: 5 | D30: Ioba
A31: 30 | B31: Dissihn | C31: 5 | D31: Ioba
A32: 31 | B32: Guéguéré | C32: 5 | D32: Ioba
A33: 32 | B33: Koper | C33: 5 | D33: Ioba
A34: 33 | B34: Niégo | C34: 5 | D34: Ioba
A35: 34 | B35: Oronkua | C35: 5 | D35: Ioba
... A62: 61 | B62: Bama | C62: 10 | D62: Houet
A63: 62 | B63: Bobo-Dioulasso | C63: 10 | D63: Houet | E63: Statut particulier
A64: 63 | B64: Dandé | C64: 10 | D64: Houet
A65: 64 | B65: Karangasso-Sambla | C65: 10 | D65: Houet
A66: 65 | B66: Karangasso-Viguè | C66: 10 | D66: Houet
A67: 66 | B67: Koundougou | C67: 10 | D67: Houet
A68: 67 | B68: Faramana | C68: 10 | D68: Houet
A69: 68 | B69: Fô | C69: 10 | D69: Houet
A70: 69 | B70: Léna | C70: 10 | D70: Houet
A71: 70 | B71: Padéma | C71: 10 | D71: Houet
A72: 71 | B72: Péni | C72: 10 | D72: Houet
A73: 72 | B73: Satiri | C73: 10 | D73: Houet
A74: 73 | B74: Toussiana | C74: 10 | D74: Houet
A75: 74 | B75: Banzon | C75: 11 | D75: Kénédougou
... A91: 90 | B91: Founzan | C91: 12 | D91: Tuy
A92: 91 | B92: Houndé | C92: 12 | D92: Tuy | E92: Urbaine
A93: 92 | B93: Koti | C93: 12 | D93: Tuy
A94: 93 | B94: Koumbia | C94: 12 | D94: Tuy
A95: 94 | B95: Ouagadougou | C95: 13 | D95: Kadiogo | E95: Statut particulier
A96: 95 | B96: Komki-lpala | C96: 13 | D96: Kadiogo
A97: 96 | B97: Komsilga | C97: 13 | D97: Kadiogo
A98: 97 | B98: Koubri | C98: 13 | D98: Kadiogo
A99: 98 | B99: Pabré | C99: 13 | D99: Kadiogo
A100: 99 | B100: Saaba | C100: 13 | D100: Kadiogo | E100: Urbaine
A101: 100 | B101: Tanghin-Dassouri | C101: 13 | D101: Kadiogo
A102: 101 | B102: Bourzanga | C102: 14 | D102: Bam
A103: 102 | B103: Guibaré | C103: 14 | D103: Bam
A104: 103 | B104: Kongoussi | C104: 14 | D104: Bam
A105: 104 | B105: Nasséré | C105: 14 | D105: Bam
A106: 105 | B106: Tikaré | C106: 14 | D106: Bam
A107: 106 | B107: Sabcé | C107: 14 | D107: Bam
A108: 107 | B108: Rollo | C108: 14 | D108: Bam
A109: 108 | B109: Rouko | C109: 14 | D109: Bam
A110: 109 | B110: Zimtenga | C110: 14 | D110: Bam
A111: 110 | B111: Boala | C111: 15 | D111: Namentenga
A112: 111 | B112: Boulsa | C112: 15 | D112: Namentenga
... A155: 154 | B155: Niaogho | C155: 20 | D155: Boulgou
A156: 155 | B156: Tenkodogo | C156: 20 | D156: Boulgou | E156: Urbaine
A157: 156 | B157: Zabré | C157: 20 | D157: Boulgou
A158: 157 | B158: Zoaga | C158: 20 | D158: Boulgou
A159: 158 | B159: Zonsé | C159: 20 | D159: Boulgou
A160: 159 | B160: Comin-Yanga | C160: 21 | D160: Koulpelogo
A161: 160 | B161: Dourtenga | C161: 21 | D161: Koulpelogo
A162: 161 | B162: Lalgaye | C162: 21 | D162: Koulpelogo
A163: 162 | B163: Ouargaye | C163: 21 | D163: Koulpelogo
A164: 163 | B164: Sangha | C164: 21 | D164: Koulpelogo
A165: 164 | B165: Soudougui | C165: 21 | D165: Koulpelogo
A166: 165 | B166: Yargatenga | C166: 21 | D166: Koulpelogo
A167: 166 | B167: Yondé | C167: 21 | D167: Koulpelogo
A168: 167 | B168: Andemtenga | C168: 22 | D168: Kourittenga
... A172: 171 | B172: Kando | C172: 22 | D172: Kourittenga
A173: 172 | B173: Koupèla | C173: 22 | D173: Kourittenga | E173: Urbaine
A174: 173 | B174: Pouytenga | C174: 22 | D174: Kourittenga
A175: 174 | B175: Tansobentenga | C175: 22 | D175: Kourittenga
A176: 175 | B176: Yargo | C176: 22 | D176: Kourittenga
A177: 176 | B177: Bingo | C177: 23 | D177: Boulkiemdé
A178: 177 | B178: Imasgo | C178: 23 | D178: Boulkiemdé
A179: 178 | B179: Kindi | C179: 23 | D179: Boulkiemdé
A180: 179 | B180: Kokologo | C180: 23 | D180: Boulkiemdé
A181: 180 | B181: Koudougou | C181: 23 | D181: Boulkiemdé | E181: Urbaine
A182: 181 | B182: Nanoro | C182: 23 | D182: Boulkiemdé
A183: 182 | B183: Nandiala | C183: 23 | D183: Boulkiemdé
A184: 183 | B184: Pella | C184: 23 | D184: Boulkiemdé
A185: 184 | B185: Poa | C185: 23 | D185: Boulkiemdé
A186: 185 | B186: Ramongo | C186: 23 | D186: Boulkiemdé
...

Sheet Type_Commune
A1: id | B1: label
A2: 1 | B2: Rurale
A3: 2 | B3: Urbaine
A4: 3 | B4: Statut particulier

Sheet Type_Mairie
A1: id | B1: label
A2: 1 | B2: Centrale
A3: 2 | B3: Arrondissement
